INSERT INTO location VALUES
(100, 'Kazakhstan', null, 'Nur-Sultan', 'Saryarka', 6, '010000', 'KZ_DEP_DEV_APP_0001'),
(101, 'Kazakhstan', null, 'Nur-Sultan', 'Mangilik el', 7, '010000', 'KZ_DEP_DEV_APP_0001'),
(102, 'Kazakhstan', null, 'Nur-Sultan', 'Respublika', 17, '010000', 'KZ_DEP_DEV_APP_0002'),
(103, 'Kazakhstan', null, 'Almaty', 'Nazarbayev', 24, '050000', 'KZ_DEP_DEV_APP_0003'),
(104, 'Kazakhstan', null, 'Almaty', 'Zhibek zholy', 78, '050000', 'KZ_DEP_DEVOP_PRJ_0001'),
(105, 'Kazakhstan', null, 'Almaty', 'Abay', 99, '050000', 'KZ_DEP_DEVOP_PRJ_0001'),
(106, 'Kazakhstan', 'Atyrauskaya', 'Atyrau', 'Syrym-Datuly', 45, '060001', 'KZ_DEP_DEVOP_PRJ_0001'),
(107, 'Kazakhstan', 'Atyrauskaya', 'Atyrau', 'Mahambet Otemisuly', 77, '060001', 'KZ_DEP_DEVOP_PRJ_0002'),
(108, 'Kazakhstan', 'Atyrauskaya', 'Atyrau', 'Syrym-Datuly', 66, '060001', 'KZ_DEP_DEVOP_PRJ_0002'),
(109, 'USA', 'Illinois', 'Chicago', 'Ashland avenue', 140, '60007', 'US_DEP_PRJ_0001'),
(110, 'USA', 'Florida', 'Orlando', 'N Lucerne', 88, '32789', 'US_DEP_PRJ_0001'),
(111, 'USA', 'Florida', 'Orlando', 'N Lucerne', 100, '32789', 'US_DEP_PRJ_0002'),
(112, 'Russia', null, 'Moscow', 'Tverskaya', 77, '101000', 'RU_DEP_PRJ_0001'),
(113, 'Russia', null, 'Moscow', 'Kolcevaya', 56, '101000', 'RU_DEP_PRJ_0001'),
(114, 'Russia', null, 'Saint-Petersburg', 'Pushkina', 133, '187015', 'RU_DEP_PRJ_0001'),
(115, 'Russia', 'Sverdlovsakaya', 'Ekaterinburg', 'Serafimy Deryabinoi', 56, '620990', 'RU_DEP_PRJ_0002'),
(116, 'Canada', 'Ontario', 'Toronto', 'Danforth Avenue', 40, 'M5H', 'CA_DEP_PRJ_TEST_0001'),
(117, 'Canada', 'Ontario', 'Ottawa', 'Booth', 122, 'K0A', 'CA_DEP_PRJ_TEST_0002'),
(118, 'Canada', 'Quebec', 'Montreal', 'Rue Saint-Denis', 66, 'K4C', 'CA_DEP_PRJ_TEST_0002');


INSERT INTO project VALUES
('KZ_JAVA_WEB_DEV_00001',	1,	100),
('KZ_JAVA_WEB_DEV_00002',	2,	100),
('KZ_JAVA_WEB_DEV_00003',	3,	101),
('KZ_JAVA_WEB_DEV_00004',	4,	102),
('KZ_JAVA_WEB_DEV_00005',	5,	103),
('KZ_JAVA_WEB_DEV_00006',	6,	103),
('KZ_JAVA_WEB_DEV_00007',	7,	103),
('KZ_JAVA_WEB_DEV_00008',	8,	104),
('KZ_JAVA_WEB_DEV_00009',	9,	104),
('KZ_JAVA_WEB_DEV_00010',   10,	105),
('KZ_JAVA_MOB_DEV_00001',	11,	105),
('KZ_JAVA_MOB_DEV_00002',	12,	105),
('KZ_JAVA_MOB_DEV_00003',	13,	106),
('KZ_JAVA_MOB_DEV_00004',	14,	106),
('KZ_JAVA_MOB_DEV_00005',	15,	107),
('KZ_JAVA_MOB_DEV_00006',	16,	107),
('KZ_JAVA_MOB_DEV_00007',	17,	107),
('KZ_JAVA_MOB_DEV_00008',	18,	108),
('KZ_JAVA_MOB_DEV_00009',	19,	108),
('KZ_JAVA_MOB_DEV_00010',	20,	108),
('RU_JAVA_MOB_DEV_10001',	1,	112),
('RU_JAVA_MOB_DEV_10002',	2,	112),
('RU_JAVA_MOB_DEV_10003',	3,	113),
('RU_JAVA_MOB_DEV_10004',	4,	113),
('RU_KOTLIN_MOB_DEV_10001',	5,	114),
('RU_KOTLIN_MOB_DEV_10002',	6,	114),
('RU_KOTLIN_MOB_DEV_10003',	7,	115),
('RU_KOTLIN_MOB_DEV_10004',	8,	115),
('US_JAVA_WEB_DEV_10001',	1,	109),
('US_JAVA_WEB_DEV_10002',	2,	109),
('US_JAVA_MOB_DEV_10001',	3,	110),
('US_JAVA_MOB_DEV_10002',	4,	111),
('CA_JAVA_MOB_DEV_20001',	1,	116),
('CA_JAVA_MOB_DEV_20002',	2,	117),
('CA_JAVA_MOB_DEV_20003',	3,	117),
('CA_JAVA_MOB_DEV_20004',	4,	118);

INSERT INTO project_workload VALUES
('KZ_JAVA_WEB_DEV_00001',	10005, 25.5),
('KZ_JAVA_WEB_DEV_00001',	10034, 33.5),
('KZ_JAVA_WEB_DEV_00001',	10033, 28.8),
('KZ_JAVA_WEB_DEV_00001',	10028, 18.8),
('KZ_JAVA_WEB_DEV_00001',	10027, 15.5),

('KZ_JAVA_WEB_DEV_00002',	10000, 14.3),
('KZ_JAVA_WEB_DEV_00002',	10027, 17.6),
('KZ_JAVA_WEB_DEV_00002',	10006, 18.9),
('KZ_JAVA_WEB_DEV_00002',	10030, 30.0),
('KZ_JAVA_WEB_DEV_00002',	10032, 24.5),

('KZ_JAVA_WEB_DEV_00003',	10028, 12.2),
('KZ_JAVA_WEB_DEV_00003',	10005, 13.4),
('KZ_JAVA_WEB_DEV_00003',	10034, 15.6),
('KZ_JAVA_WEB_DEV_00003',	10008, 16.5),
('KZ_JAVA_WEB_DEV_00003',	10031, 17.25),

('KZ_JAVA_WEB_DEV_00004',	10050, 19.5),
('KZ_JAVA_WEB_DEV_00004',	10051, 20.25),
('KZ_JAVA_WEB_DEV_00004',	10029, 25.4),
('KZ_JAVA_WEB_DEV_00004',	10001, 23.75),

('KZ_JAVA_WEB_DEV_00005',	10050, 18.5),
('KZ_JAVA_WEB_DEV_00005',	10051, 18.7),
('KZ_JAVA_WEB_DEV_00005',	10007, 10.5),
('KZ_JAVA_WEB_DEV_00005',	10032, 10.25),
('KZ_JAVA_WEB_DEV_00005',	10031, 11.0),

('KZ_JAVA_WEB_DEV_00006',	10002, 11.25),
('KZ_JAVA_WEB_DEV_00006',	10007, 12.5),
('KZ_JAVA_WEB_DEV_00006',	10003, 15.5),
('KZ_JAVA_WEB_DEV_00006',	10036, 20.5),
('KZ_JAVA_WEB_DEV_00006',	10004, 22.5),
('KZ_JAVA_WEB_DEV_00006',	10035, 31.0),

('KZ_JAVA_WEB_DEV_00007',	10002, 30.0),
('KZ_JAVA_WEB_DEV_00007',	10005, 33.0),
('KZ_JAVA_WEB_DEV_00007',	10027, 5.5),
('KZ_JAVA_WEB_DEV_00007',	10036, 6.5),
('KZ_JAVA_WEB_DEV_00007',	10029, 9.5),

('KZ_JAVA_WEB_DEV_00008',	10031, 24.2),
('KZ_JAVA_WEB_DEV_00008',	10037, 15.2),
('KZ_JAVA_WEB_DEV_00008',	10036, 16.2),
('KZ_JAVA_WEB_DEV_00008',	10003, 17.2),
('KZ_JAVA_WEB_DEV_00008',	10008, 21.2),

('KZ_JAVA_WEB_DEV_00009',	10031, 23.5),
('KZ_JAVA_WEB_DEV_00009',	10037, 22.75),
('KZ_JAVA_WEB_DEV_00009',	10008, 18.5),
('KZ_JAVA_WEB_DEV_00009',	10003, 12.5),

('KZ_JAVA_WEB_DEV_00010',	10005, 11.5),
('KZ_JAVA_WEB_DEV_00010',	10028, 12.5),
('KZ_JAVA_WEB_DEV_00010',	10008, 22.75),
('KZ_JAVA_WEB_DEV_00010',	10003, 21.5),

('KZ_JAVA_MOB_DEV_00001',	10002, 20.5),
('KZ_JAVA_MOB_DEV_00001',	10003, 20.5),
('KZ_JAVA_MOB_DEV_00001',	10004, 14.75),
('KZ_JAVA_MOB_DEV_00001',	10005, 19.0),
('KZ_JAVA_MOB_DEV_00001',	10006, 19.75),

('KZ_JAVA_MOB_DEV_00002',	10002, 19.0),
('KZ_JAVA_MOB_DEV_00002',	10003, 21.0),
('KZ_JAVA_MOB_DEV_00002',	10004, 10.0),
('KZ_JAVA_MOB_DEV_00002',	10001, 11.0),
('KZ_JAVA_MOB_DEV_00002',	10006, 13.5),

('KZ_JAVA_MOB_DEV_00003',	10003, 13.75),
('KZ_JAVA_MOB_DEV_00003',	10004, 16.75),
('KZ_JAVA_MOB_DEV_00003',	10001, 21.75),
('KZ_JAVA_MOB_DEV_00003',	10006, 22.25),

('KZ_JAVA_MOB_DEV_00004',	10050, 33.0),
('KZ_JAVA_MOB_DEV_00004',	10051, 10.75),
('KZ_JAVA_MOB_DEV_00004',	10037, 22.7),
('KZ_JAVA_MOB_DEV_00004',	10031, 23.75),

('KZ_JAVA_MOB_DEV_00005',	10050, 17.5),
('KZ_JAVA_MOB_DEV_00005',	10051, 23.6),
('KZ_JAVA_MOB_DEV_00005',	10027, 22.4),
('KZ_JAVA_MOB_DEV_00005',	10033, 25.5),

('KZ_JAVA_MOB_DEV_00006',	10007, 12.75),
('KZ_JAVA_MOB_DEV_00006',	10008, 20.5),
('KZ_JAVA_MOB_DEV_00006',	10027, 12.75),
('KZ_JAVA_MOB_DEV_00006',	10033, 18.5),

('KZ_JAVA_MOB_DEV_00007',	10004, 19.0),
('KZ_JAVA_MOB_DEV_00007',	10035, 16.0),
('KZ_JAVA_MOB_DEV_00007',	10027, 22.2),
('KZ_JAVA_MOB_DEV_00007',	10030, 20.6),

('KZ_JAVA_MOB_DEV_00008',	10004, 27.8),
('KZ_JAVA_MOB_DEV_00008',	10035, 26.4),
('KZ_JAVA_MOB_DEV_00008',	10027, 20.1),
('KZ_JAVA_MOB_DEV_00008',	10030, 11.1),

('KZ_JAVA_MOB_DEV_00009',	10000, 11.9),
('KZ_JAVA_MOB_DEV_00009',	10034, 29.1),
('KZ_JAVA_MOB_DEV_00009',	10028, 29.3),
('KZ_JAVA_MOB_DEV_00009',	10029, 6.5),
('KZ_JAVA_MOB_DEV_00010',	10000, 5.4),
('KZ_JAVA_MOB_DEV_00010',	10034, 24.6),
('KZ_JAVA_MOB_DEV_00010',	10028, 12.2),
('KZ_JAVA_MOB_DEV_00010',	10029, 18.7),

('RU_JAVA_MOB_DEV_10001',	10041, 25.5),
('RU_JAVA_MOB_DEV_10001',	10013, 21.5),
('RU_JAVA_MOB_DEV_10001',	10040, 15.5),
('RU_JAVA_MOB_DEV_10001',	10012, 18.25),
('RU_JAVA_MOB_DEV_10001',	10009, 17.5),

('RU_JAVA_MOB_DEV_10002',	10038, 15.0),
('RU_JAVA_MOB_DEV_10002',	10013, 21.25),
('RU_JAVA_MOB_DEV_10002',	10040, 17.75),
('RU_JAVA_MOB_DEV_10002',	10012, 13.25),
('RU_JAVA_MOB_DEV_10002',	10009, 17.5),

('RU_JAVA_MOB_DEV_10003',	10038, 10.0),
('RU_JAVA_MOB_DEV_10003',	10041, 12.25),
('RU_JAVA_MOB_DEV_10003',	10011, 13.75),
('RU_JAVA_MOB_DEV_10003',	10014, 23.6),
('RU_JAVA_MOB_DEV_10003',	10010, 27.7),

('RU_JAVA_MOB_DEV_10004',	10038, 19.3),
('RU_JAVA_MOB_DEV_10004',	10010, 12.75),
('RU_JAVA_MOB_DEV_10004',	10011, 23.3),
('RU_JAVA_MOB_DEV_10004',	10014, 26.6),

('RU_KOTLIN_MOB_DEV_10001',	10039, 24.6),
('RU_KOTLIN_MOB_DEV_10001',	10010, 18.7),
('RU_KOTLIN_MOB_DEV_10001',	10011, 16.4),
('RU_KOTLIN_MOB_DEV_10001',	10014, 20.5),

('RU_KOTLIN_MOB_DEV_10002',	10041, 20.6),
('RU_KOTLIN_MOB_DEV_10002',	10013, 15.75),
('RU_KOTLIN_MOB_DEV_10002',	10040, 13.5),
('RU_KOTLIN_MOB_DEV_10002',	10012, 27.55),

('RU_KOTLIN_MOB_DEV_10003',	10039, 15.6),
('RU_KOTLIN_MOB_DEV_10003',	10010, 15.7),
('RU_KOTLIN_MOB_DEV_10003',	10013, 13.8),
('RU_KOTLIN_MOB_DEV_10003',	10012, 25.2),

('RU_KOTLIN_MOB_DEV_10004',	10011, 20.7),
('RU_KOTLIN_MOB_DEV_10004',	10013, 14.75),
('RU_KOTLIN_MOB_DEV_10004',	10014, 11.5),
('RU_KOTLIN_MOB_DEV_10004',	10010, 22.55),

('US_JAVA_WEB_DEV_10001',	10019, 17.7),
('US_JAVA_WEB_DEV_10001',	10018, 16.25),
('US_JAVA_WEB_DEV_10001',	10045, 18.5),
('US_JAVA_WEB_DEV_10001',	10015, 20.55),
('US_JAVA_WEB_DEV_10001',	10042, 20.5),

('US_JAVA_WEB_DEV_10002',	10017, 17.3),
('US_JAVA_WEB_DEV_10002',	10043, 16.25),
('US_JAVA_WEB_DEV_10002',	10045, 12.75),
('US_JAVA_WEB_DEV_10002',	10015, 21.5),
('US_JAVA_WEB_DEV_10002',	10042, 28.5),

('US_JAVA_MOB_DEV_10001',	10019, 10.6),
('US_JAVA_MOB_DEV_10001',	10018, 6.25),
('US_JAVA_MOB_DEV_10001',	10020, 8.75),
('US_JAVA_MOB_DEV_10001',	10044, 30.5),
('US_JAVA_MOB_DEV_10001',	10042, 20.5),

('US_JAVA_MOB_DEV_10002',	10017, 10.7),
('US_JAVA_MOB_DEV_10002',	10043, 26.25),
('US_JAVA_MOB_DEV_10002',	10020, 18.75),
('US_JAVA_MOB_DEV_10002',	10044, 9.5),
('US_JAVA_MOB_DEV_10002',	10016, 34.5),

('CA_JAVA_MOB_DEV_20001',	10047, 11.2),
('CA_JAVA_MOB_DEV_20001',	10024, 20.7),
('CA_JAVA_MOB_DEV_20001',	10049, 14.6),
('CA_JAVA_MOB_DEV_20001',	10026, 19.2),
('CA_JAVA_MOB_DEV_20001',	10021, 15.5),

('CA_JAVA_MOB_DEV_20002',	10047, 10.4),
('CA_JAVA_MOB_DEV_20002',	10024, 20.25),
('CA_JAVA_MOB_DEV_20002',	10049, 15.0),
('CA_JAVA_MOB_DEV_20002',	10026, 17.8),
('CA_JAVA_MOB_DEV_20002',	10021, 17.5),

('CA_JAVA_MOB_DEV_20003',	10023, 14.4),
('CA_JAVA_MOB_DEV_20003',	10025, 18.2),
('CA_JAVA_MOB_DEV_20003',	10048, 11.7),
('CA_JAVA_MOB_DEV_20003',	10022, 13.8),
('CA_JAVA_MOB_DEV_20003',	10026, 17.0),

('CA_JAVA_MOB_DEV_20004',	10023, 14.3),
('CA_JAVA_MOB_DEV_20004',	10025, 21.25),
('CA_JAVA_MOB_DEV_20004',	10048, 17.0),
('CA_JAVA_MOB_DEV_20004',	10022, 17.7),
('CA_JAVA_MOB_DEV_20004',	10047, 15.3);