INSERT INTO public.department VALUES
('KZ_DEP_DEV_APP_0001', null),
('KZ_DEP_DEV_APP_0002', null),
('KZ_DEP_DEV_APP_0003', null),
('KZ_DEP_DEVOP_PRJ_0001', null),
('KZ_DEP_DEVOP_PRJ_0002', null),
('RU_DEP_PRJ_0001', null),
('RU_DEP_PRJ_0002', null),
('US_DEP_PRJ_0001', null),
('US_DEP_PRJ_0002', null),
('CA_DEP_PRJ_TEST_0001', null),
('CA_DEP_PRJ_TEST_0002', null);

INSERT INTO public.employee VALUES
(10000, 'Saltanat', 'Bayzakova', '07.09.1993', 'female', 350000.00, null, 'KZ_DEP_DEV_APP_0001'),
(10001, 'Maksim', 'Galkin', '13.05.1968', 'male', 1000000.00, null, 'KZ_DEP_DEV_APP_0002'),
(10002, 'Anton', 'Kardapolcev', '13.07.1977', 'male', 1000000.00, null, 'KZ_DEP_DEV_APP_0003'),
(10003, 'Dmitri', 'Baibuz', '22.10.1980', 'male', 800000.00, null, 'KZ_DEP_DEVOP_PRJ_0001'),
(10004, 'Nadezhda', 'Rogacheva', '20.06.1987', 'female', 700000.00, null, 'KZ_DEP_DEVOP_PRJ_0002'),
(10005, 'Laura', 'Baimanasova', '06.07.1988', 'female', 560000.00, null, 'KZ_DEP_DEV_APP_0001'),
(10006, 'Zarina', 'Auelbekova', '08.03.1976', 'female', 870000.00, null, 'KZ_DEP_DEV_APP_0002'),
(10007, 'Azamat', 'Turkebayev', '30.05.1990', 'male', 540000.00, null, 'KZ_DEP_DEV_APP_0003'),
(10008, 'Zhanibek', 'Sarsenbayev', '27.05.1992', 'male', 640000.00, null, 'KZ_DEP_DEVOP_PRJ_0001'),
(10009, 'Aleksei', 'Smirnov', '07.09.1993', 'male', 350000.00, null, 'RU_DEP_PRJ_0001'),
(10010, 'Vladimir', 'Petrov', '23.05.1968', 'male', 1000000.00, null, 'RU_DEP_PRJ_0002'),
(10011, 'Anton', 'Semenov', '13.11.1977', 'male', 1000000.00, null, 'RU_DEP_PRJ_0002'),
(10012, 'Natalya', 'Lebedeva', '22.10.1980', 'female', 800000.00, null, 'RU_DEP_PRJ_0001'),
(10013, 'Marina', 'Bykova', '20.06.1987', 'female', 700000.00, null, 'RU_DEP_PRJ_0001'),
(10014, 'Svetlana', 'Rogacheva', '06.07.1988', 'female', 560000.00, null, 'RU_DEP_PRJ_0002'),
(10015, 'James', 'Anderson', '17.09.1983', 'male', 650000.00, null, 'US_DEP_PRJ_0001'),
(10016, 'Michael', 'Smith', '23.01.1970', 'male', 1200000.00, null, 'US_DEP_PRJ_0002'),
(10017, 'John', 'Jackson', '13.01.1977', 'male', 1300000.00, null, 'US_DEP_PRJ_0002'),
(10018, 'Mark', 'White', '23.11.1982', 'male', 1800000.00, null, 'US_DEP_PRJ_0001'),
(10019, 'Jennifer', 'Walker', '20.08.1987', 'female', 750000.00, null, 'US_DEP_PRJ_0001'),
(10020, 'Mary', 'Scott', '06.04.1985', 'female', 960000.00, null, 'US_DEP_PRJ_0002'),
(10021, 'Maria', 'Baker', '17.09.1981', 'female', 750000.00, null, 'CA_DEP_PRJ_TEST_0001'),
(10022, 'Brian', 'Smith', '23.01.1988', 'male', 900000.00, null, 'CA_DEP_PRJ_TEST_0002'),
(10023, 'Edward', 'Nelson', '13.01.1979', 'male', 1100000.00, null, 'CA_DEP_PRJ_TEST_0002'),
(10024, 'Jeff', 'King', '23.11.1980', 'male', 1230000.00, null, 'CA_DEP_PRJ_TEST_0001'),
(10025, 'Susan', 'Edwards', '20.08.1986', 'female', 850000.00, null, 'CA_DEP_PRJ_TEST_0002'),
(10026, 'Karen', 'Evans', '06.01.1985', 'female', 760000.00, null, 'CA_DEP_PRJ_TEST_0001'),
(10027, 'Gulzada', 'Ayupova', '07.10.1981', 'female', 750000.00, null, 'KZ_DEP_DEV_APP_0001'),
(10028, 'Adel', 'Kim', '17.11.1987', 'female', 550000.00, null, 'KZ_DEP_DEV_APP_0001'),
(10029, 'Adel', 'Satbaldyeva', '22.01.1988', 'female', 560000.00, null, 'KZ_DEP_DEV_APP_0002'),
(10030, 'Sofia', 'Lim', '03.02.1989', 'female', 700000.00, null, 'KZ_DEP_DEV_APP_0003'),
(10031, 'Alan', 'Lim', '01.03.1991', 'male', 450000.00, null, 'KZ_DEP_DEVOP_PRJ_0001'),
(10032, 'Tengir', 'Shoraev', '30.04.1994', 'male', 350000.00, null, 'KZ_DEP_DEV_APP_0003'),
(10033, 'Roman', 'Belov', '20.05.1996', 'male', 540000.00, null, 'KZ_DEP_DEV_APP_0002'),
(10034, 'Konstantin', 'Drozdov', '12.06.1997', 'male', 400000.00, null, 'KZ_DEP_DEV_APP_0001'),
(10035, 'Azat', 'Botbayev', '18.07.1990', 'male', 440000.00, null, 'KZ_DEP_DEVOP_PRJ_0002'),
(10036, 'Ahan', 'Satayev', '19.08.1988', 'male', 300000.00, null, 'KZ_DEP_DEVOP_PRJ_0001'),
(10037, 'Ariana', 'Alpieva', '25.09.1982', 'female', 330000.00, null, 'KZ_DEP_DEVOP_PRJ_0001'),
(10038, 'Marina', 'Muratova', '07.10.1988', 'female', 450000.00, null, 'RU_DEP_PRJ_0001'),
(10039, 'Irina', 'Ivanova', '08.11.1989', 'female', 550000.00, null, 'RU_DEP_PRJ_0002'),
(10040, 'Oksana', 'Sokolova', '09.12.1990', 'female', 650000.00, null, 'RU_DEP_PRJ_0001'),
(10041, 'Maksim', 'Fedorov', '10.01.1991', 'male', 750000.00, null, 'RU_DEP_PRJ_0001'),
(10042, 'Sandra', 'Hernandez', '17.10.1988', 'female', 950000.00, null, 'RU_DEP_PRJ_0001'),
(10043, 'Donald', 'Nelson', '18.11.1985', 'male', 800000.00, null, 'US_DEP_PRJ_0002'),
(10044, 'Edward', 'Campbell', '19.12.1992', 'male', 600000.00, null, 'US_DEP_PRJ_0002'),
(10045, 'Brian', 'Perez', '11.01.1990', 'male', 700000.00, null, 'US_DEP_PRJ_0001'),
(10046, 'Kevin', 'Miller', '17.06.1988', 'male', 950000.00, null, 'CA_DEP_PRJ_TEST_0001'),
(10047, 'Kenneth', 'Willson', '18.07.1985', 'male', 800000.00, null, 'CA_DEP_PRJ_TEST_0001'),
(10048, 'George', 'Taylor', '19.09.1992', 'male', 600000.00, null, 'CA_DEP_PRJ_TEST_0002'),
(10049, 'Paul', 'Allen', '11.11.1990', 'male', 700000.00, null, 'CA_DEP_PRJ_TEST_0001'),
(10050,	'Madina', 'Botbayeva', '1993-07-05', 'female', 450000.00, null, 'KZ_DEP_DEV_APP_0002'),
(10051,	'Bekzat', 'Kamenov', '1993-11-07', 'male', 400000.00, null, 'KZ_DEP_DEV_APP_0002');

INSERT INTO public.employee_address VALUES
(1, 'Kazakhstan', null, 'Nur-Sultan', 'Magilik el', 240, 123, 10000),
(2, 'Kazakhstan', null, 'Nur-Sultan', 'Zhanibek-Kerey handar', 45, 77, 10001),
(3, 'Kazakhstan', null, 'Nur-Sultan', 'Respublika', 111, 50, 10002),
(4, 'Kazakhstan', null, 'Almaty', 'Tole bi', 289, 65, 10003),
(5, 'Kazakhstan', null, 'Almaty', 'Nazarbayev', 345, 89, 10004),
(6, 'Kazakhstan', null, 'Almaty', 'Karasay batyr', 67, 50, 10005),
(7, 'Kazakhstan', null, 'Almaty', 'Abay', 33, 68, 10006),
(8, 'Kazakhstan', 'Atyrauskaya', 'Atyrau', 'Mahambet Otemisuly', 88, 43, 10007),
(9, 'Kazakhstan', 'Atyrauskaya', 'Atyrau', 'Abylay khan', 322, 89, 10008),
(10, 'Kazakhstan', 'Atyrauskaya', 'Atyrau', 'Zheltoksan', 12, 33, 10027),
(11, 'Russia', null, 'Moscow', 'Tverskaya', 234, 65, 10009),
(12, 'Russia', null, 'Moscow', 'Pushkin', 76, 22, 10010),
(13, 'Russia', null, 'Moscow', 'Respublika', 89, 50, 10011),
(14, 'Russia', null, 'Saint_Petersburg', 'Kolcevaya', 76, 32, 10012),
(15, 'Russia', null, 'Saint_Petersburg', 'Shevchenko', 234, 2, 10013),
(16, 'Russia', null, 'Saint_Petersburg', 'Kutuzov', 543, 55, 10014),
(17, 'Russia', null, 'Saint_Petersburg', 'Abay', 21, 24, 10038),
(18, 'Russia', 'Orenburg oblast', 'Orenburg', 'Pobeda', 88, 43, 10039),
(19, 'Russia', 'Orenburg oblast', 'Orenburg', 'Mir', 322, 89, 10040),
(20, 'Russia', 'Orenburg oblast', 'Orenburg', 'Tchkalova', 12, 33, 10041),
(21, 'USA', 'Illinois', 'Chicago', 'Cermak Road', 234, 65, 10015),
(22, 'USA', 'Illinois', 'Chicago', 'Ashland Avenue', 76, 22, 10016),
(23, 'USA', 'Illinois', 'Chicago', 'Clybourn Avenue', 89, 50, 10017),
(24, 'USA', 'New York', 'New York City', 'Broadway', 76, 32, 10018),
(25, 'USA', 'New York', 'New York City', 'Houston', 234, 2, 10019),
(26, 'USA', 'New York', 'New York City', 'Canal', 543, 55, 10020),
(27, 'USA', 'New York', 'New York City', 'Maiden Lane', 21, 24, 10042),
(28, 'USA', 'Florida', 'Orlando', 'Rosalind Ave', 88, 43, 10043),
(29, 'USA', 'Florida', 'Orlando', 'Acton Ct', 322, 89, 10044),
(30, 'USA', 'Florida', 'Orlando', 'Adrianna Ave', 12, 33, 10045),
(31, 'Canada', 'Ontario', 'Toronto', 'Alexander', 234, 65, 10021),
(32, 'Canada', 'Ontario', 'Toronto', 'Christie', 76, 22, 10022),
(33, 'Canada', 'Ontario', 'Toronto', 'Danforth Avenue', 89, 50, 10023),
(34, 'Canada', 'Ontario', 'Toronto', 'Cummer Avenue', 76, 32, 10024),
(35, 'Canada', 'Ontario', 'Ottawa', 'Acacia Lane', 234, 2, 10025),
(36, 'Canada', 'Ontario', 'Ottawa', 'Academy Private', 543, 55, 10026),
(37, 'Canada', 'Ontario', 'Ottawa', 'Acadian Garden', 21, 24, 10046),
(38, 'Canada', 'Lower Mainland', 'Vancouver', 'Aberdeen', 88, 43, 10047),
(39, 'Canada', 'Lower Mainland', 'Vancouver', 'Adera', 322, 89, 10048),
(40, 'Canada', 'Lower Mainland', 'Vancouver', 'Adanac', 12, 33, 10049),
(41, 'Kazakhstan', null, 'Nur-Sultan', 'Magilik el', 90, 33, 10028),
(42, 'Kazakhstan', null, 'Nur-Sultan', 'Zhanibek-Kerey handar', 145, 77, 10029),
(43, 'Kazakhstan', null, 'Nur-Sultan', 'Respublika', 123, 23, 10030),
(44, 'Kazakhstan', null, 'Almaty', 'Tole bi', 234, 68, 10031),
(45, 'Kazakhstan', null, 'Almaty', 'Nazarbayev', 257, 88, 10032),
(46, 'Kazakhstan', null, 'Almaty', 'Karasay batyr', 167, 99, 10033),
(47, 'Kazakhstan', null, 'Almaty', 'Abay', 98, 45, 10034),
(48, 'Kazakhstan', 'Atyrauskaya', 'Atyrau', 'Mahambet Otemisuly', 65, 90, 10035),
(49, 'Kazakhstan', 'Atyrauskaya', 'Atyrau', 'Abylay khan', 14, 23, 10036),
(50, 'Kazakhstan', 'Atyrauskaya', 'Atyrau', 'Zheltoksan', 5, 12, 10037),
(51, 'Kazakhstan', 'Akmolinskaya', 'Kokshetau', 'Kenesary', 67, 34, 10050),
(52, 'Kazakhstan', 'Akmolinskaya', 'Kokshetau', 'Kenesary', 14, 12, 10051),
(53, 'Казахстан', 'Акмолинская обл', 'Кокшетау', 'Кенесары', 14, 13, 10051);
